{
  "name": "Alert",
  "form": "d4669bb5-3297-42b8-932b-f6c0bbb0c372",
  "blocks": [
    {
      "id": "50271f8e-5b2f-4156-ac27-6ff76b9de300",
      "label": "Acknowledge",
      "environment": "HOSTED",
      "presentation": "{}",
      "step": "f2c86cd3-9a4a-44d0-a1ca-2a3eb6bf1ba3",
      "stepType": "INTEGRATION"
    },
    {
      "id": "ec88f718-4e8e-4f4a-88b8-b59332d364f0",
      "label": "Alert - Inbound from Sentry",
      "environment": "HOSTED",
      "presentation": "{\"w\":60,\"x\":0,\"h\":60,\"y\":40}",
      "step": "b5e1b57b-9a68-4b6c-bc51-6bef8f63debc",
      "stepType": "INTEGRATION"
    },
    {
      "id": "803749d2-523a-48b7-86d2-a490fb5644ff",
      "label": "Create Event - Alert",
      "environment": "HOSTED",
      "presentation": "{\"w\":60,\"x\":440,\"h\":60,\"y\":40}",
      "step": "d4669bb5-3297-42b8-932b-f6c0bbb0c372",
      "stepType": "CREATE_EVENT",
      "inputMappings": [
        {
          "inputPort": "input",
          "mapping": "${ec88f718-4e8e-4f4a-88b8-b59332d364f0.event_id}",
          "sectionItemKey": "0a87bbf2-a894-4858-bd39-5f68dae863ce"
        },
        {
          "inputPort": "input",
          "mapping": "${ec88f718-4e8e-4f4a-88b8-b59332d364f0.title}",
          "sectionItemKey": "572e6acb-c475-42ac-90a0-1dfc915dee50"
        },
        {
          "inputPort": "input",
          "mapping": "${ec88f718-4e8e-4f4a-88b8-b59332d364f0.type}",
          "sectionItemKey": "1b5c3361-6cb4-42b9-a9d8-9e5f399c7cbc"
        },
        {
          "inputPort": "input",
          "mapping": "${c5e2af62-05b9-42b7-902a-79080398fd5a.formattedDate}",
          "sectionItemKey": "b3ddba22-38ae-4d96-80f3-2c131321d062"
        },
        {
          "inputPort": "input",
          "mapping": "ipugh",
          "sectionItemKey": "recipients"
        },
        {
          "inputPort": "input",
          "mapping": "${ec88f718-4e8e-4f4a-88b8-b59332d364f0.tags}",
          "sectionItemKey": "4ec5dbcb-98d2-4091-8450-1393cd57a35f"
        },
        {
          "inputPort": "input",
          "mapping": "${ec88f718-4e8e-4f4a-88b8-b59332d364f0.issue_url}",
          "sectionItemKey": "fe2334db-b9d8-4aad-b050-33aee92765dc"
        },
        {
          "inputPort": "input",
          "mapping": "${ec88f718-4e8e-4f4a-88b8-b59332d364f0.web_url}",
          "sectionItemKey": "bb76a13d-1636-4fc7-8690-3715d45a60be"
        },
        {
          "inputPort": "input",
          "mapping": "${ec88f718-4e8e-4f4a-88b8-b59332d364f0.level}",
          "sectionItemKey": "9c70bb85-1020-49b5-a71d-d1e3ebbfa5aa"
        }
      ]
    },
    {
      "id": "9e5d759c-abd1-4d0d-99a5-e86e1fe91266",
      "label": "Escalate",
      "environment": "HOSTED",
      "presentation": "{}",
      "step": "1a20981a-ab6e-41f0-bad5-c64f500d0807",
      "stepType": "INTEGRATION"
    },
    {
      "id": "c5e2af62-05b9-42b7-902a-79080398fd5a",
      "label": "Moment - Convert Time",
      "environment": "HOSTED",
      "presentation": "{\"w\":60,\"x\":220,\"h\":60,\"y\":40}",
      "step": "412f7fec-e67a-4bd8-b579-9e6201fcffa4",
      "stepType": "SCRIPT_STEP",
      "inputMappings": [
        {
          "inputPort": "input",
          "mapping": "${ec88f718-4e8e-4f4a-88b8-b59332d364f0.timestamp}",
          "stepInput": "d77298bb-6bb5-4d38-ac47-b90c190d08dc"
        },
        {
          "inputPort": "input",
          "mapping": "America/New_York",
          "stepInput": "dbbaa114-56c1-49e8-b317-a9bb6d751cf8"
        },
        {
          "inputPort": "input",
          "mapping": "true",
          "stepInput": "35c725b6-734e-4938-b93e-1ae593c0a562"
        },
        {
          "inputPort": "input",
          "mapping": "lll",
          "stepInput": "431bb386-4c68-4645-af66-849db345a74f"
        }
      ]
    },
    {
      "id": "68e4bf10-0826-43e5-bb68-67c96327e230",
      "label": "Resolve",
      "environment": "HOSTED",
      "presentation": "{}",
      "step": "a19d15de-4ed1-4ecd-93eb-62c73bca745a",
      "stepType": "INTEGRATION"
    },
    {
      "id": "a216f646-8583-4171-8054-50fb4bd6684b",
      "label": "Responses",
      "environment": "HOSTED",
      "presentation": "{\"w\":100,\"x\":0,\"h\":50,\"y\":260}",
      "stepType": "RESPONSES"
    },
    {
      "id": "4a20f85c-3975-4916-9a99-abfcdc6141f1",
      "endpoint": "Sentry",
      "label": "Sentry - Resolve Alert",
      "environment": "HOSTED",
      "presentation": "{\"w\":60,\"x\":220,\"h\":60,\"y\":727}",
      "step": "fc085e3e-b638-4024-90fc-92eae577ebd6",
      "stepType": "SCRIPT_STEP",
      "inputMappings": [
        {
          "inputPort": "input",
          "mapping": "${constants.Sentry API Token}",
          "stepInput": "289a533b-3ab8-49cb-ac24-a60103f97173"
        },
        {
          "inputPort": "input",
          "mapping": "${event.properties.issue_url}",
          "stepInput": "61341f20-34e1-4537-aa02-be43be368ac7"
        }
      ]
    }
  ],
  "edges": [
    {
      "fromBlock": "c5e2af62-05b9-42b7-902a-79080398fd5a",
      "fromPort": "output",
      "toBlock": "803749d2-523a-48b7-86d2-a490fb5644ff",
      "toPort": "input"
    },
    {
      "fromBlock": "ec88f718-4e8e-4f4a-88b8-b59332d364f0",
      "fromPort": "output",
      "toBlock": "c5e2af62-05b9-42b7-902a-79080398fd5a",
      "toPort": "input"
    },
    {
      "fromBlock": "68e4bf10-0826-43e5-bb68-67c96327e230",
      "fromPort": "output",
      "toBlock": "4a20f85c-3975-4916-9a99-abfcdc6141f1",
      "toPort": "input"
    }
  ]
}