[
  {
    "baseType": 3,
    "name": "event_id",
    "defaultValue": "",
    "description": "",
    "helpText": "",
    "isSystem": false,
    "minLength": 0,
    "maxLength": 200,
    "validationRegex": "",
    "isValidate": false,
    "uuid": "0a87bbf2-a894-4858-bd39-5f68dae863ce"
  },
  {
    "baseType": 3,
    "name": "issue_url",
    "defaultValue": "",
    "description": "",
    "helpText": "",
    "isSystem": false,
    "minLength": 0,
    "maxLength": 200,
    "validationRegex": "",
    "isValidate": false,
    "uuid": "fe2334db-b9d8-4aad-b050-33aee92765dc"
  },
  {
    "baseType": 3,
    "name": "level",
    "defaultValue": "",
    "description": "",
    "helpText": "",
    "isSystem": false,
    "minLength": 0,
    "maxLength": 30,
    "validationRegex": "",
    "isValidate": false,
    "uuid": "9c70bb85-1020-49b5-a71d-d1e3ebbfa5aa"
  },
  {
    "baseType": 3,
    "name": "tags",
    "defaultValue": "",
    "description": "",
    "helpText": "",
    "isSystem": false,
    "minLength": 0,
    "maxLength": 2000,
    "validationRegex": "",
    "isValidate": false,
    "uuid": "4ec5dbcb-98d2-4091-8450-1393cd57a35f"
  },
  {
    "baseType": 3,
    "name": "timestamp",
    "defaultValue": "",
    "description": "",
    "helpText": "",
    "isSystem": false,
    "minLength": 0,
    "maxLength": 200,
    "validationRegex": "",
    "isValidate": false,
    "uuid": "b3ddba22-38ae-4d96-80f3-2c131321d062"
  },
  {
    "baseType": 3,
    "name": "title",
    "defaultValue": "",
    "description": "",
    "helpText": "",
    "isSystem": false,
    "minLength": 0,
    "maxLength": 500,
    "validationRegex": "",
    "isValidate": false,
    "uuid": "572e6acb-c475-42ac-90a0-1dfc915dee50"
  },
  {
    "baseType": 3,
    "name": "type",
    "defaultValue": "",
    "description": "",
    "helpText": "",
    "isSystem": false,
    "minLength": 0,
    "maxLength": 30,
    "validationRegex": "",
    "isValidate": false,
    "uuid": "1b5c3361-6cb4-42b9-a9d8-9e5f399c7cbc"
  },
  {
    "baseType": 3,
    "name": "web_url",
    "defaultValue": "",
    "description": "",
    "helpText": "",
    "isSystem": false,
    "minLength": 0,
    "maxLength": 500,
    "validationRegex": "",
    "isValidate": false,
    "uuid": "bb76a13d-1636-4fc7-8690-3715d45a60be"
  }
]