{
  "integrations": [
    {
      "id": "f2c86cd3-9a4a-44d0-a1ca-2a3eb6bf1ba3",
      "name": "Alert - Acknowledge",
      "action": "RUN_SCRIPT",
      "type": "OUTBOUND_WEBHOOK",
      "triggeredBy": "RESPONSE",
      "responseChoice": "Acknowledge",
      "deployed": true,
      "form": "d4669bb5-3297-42b8-932b-f6c0bbb0c372",
      "environment": "HOSTED",
      "authType": "NONE",
      "createdBy": "FLOW"
    },
    {
      "id": "1a20981a-ab6e-41f0-bad5-c64f500d0807",
      "name": "Alert - Escalate",
      "action": "RUN_SCRIPT",
      "type": "OUTBOUND_WEBHOOK",
      "triggeredBy": "RESPONSE",
      "responseChoice": "Escalate",
      "deployed": true,
      "form": "d4669bb5-3297-42b8-932b-f6c0bbb0c372",
      "environment": "HOSTED",
      "authType": "NONE",
      "createdBy": "FLOW"
    },
    {
      "id": "b5e1b57b-9a68-4b6c-bc51-6bef8f63debc",
      "name": "Alert - Inbound from Sentry",
      "action": "RUN_SCRIPT",
      "type": "INBOUND_WEBHOOK",
      "deployed": true,
      "form": "d4669bb5-3297-42b8-932b-f6c0bbb0c372",
      "environment": "HOSTED",
      "authType": "URL",
      "createdBy": "FLOW",
      "integrationScriptStepUuid": "3ef66d27-43ab-4c9d-bdf2-aebc9180fd6d"
    },
    {
      "id": "a19d15de-4ed1-4ecd-93eb-62c73bca745a",
      "name": "Alert - Resolve",
      "action": "RUN_SCRIPT",
      "type": "OUTBOUND_WEBHOOK",
      "triggeredBy": "RESPONSE",
      "responseChoice": "Resolve",
      "deployed": true,
      "form": "d4669bb5-3297-42b8-932b-f6c0bbb0c372",
      "environment": "HOSTED",
      "authType": "NONE",
      "createdBy": "FLOW"
    }
  ],
  "endpoints": [
    {
      "name": "Sentry",
      "baseUrl": "https://sentry.io/api",
      "type": "EXTERNAL",
      "authentication": "NO_AUTH"
    }
  ],
  "constants": [
    {
      "name": "Sentry API Token",
      "value": "API Token",
      "description": "API Token from Sentry"
    }
  ]
}